City_ID,City,Country,Date,Lat,Lng,Max Temp,Humidity,Cloudiness,Wind Speed
0,Hermanus,ZA,2020-08-25 21:06:12,-34.42,19.23,55.99,93,97,9.06
1,Castro,BR,2020-08-25 21:01:13,-24.79,-50.01,55.56,81,0,7.2
2,Qaanaaq,GL,2020-08-25 21:06:12,77.48,-69.36,36.46,88,100,11.14
3,Chuy,UY,2020-08-25 21:06:12,-33.7,-53.46,61.9,71,100,9.69
4,Tasiilaq,GL,2020-08-25 21:06:12,65.61,-37.64,42.8,81,0,9.17
5,Cherskiy,RU,2020-08-25 21:06:13,68.75,161.3,38.82,95,100,3.67
6,Khatanga,RU,2020-08-25 21:06:13,71.97,102.5,52.02,76,44,3.76
7,Parrita,CR,2020-08-25 21:06:13,9.52,-84.32,77.0,73,75,6.93
8,Mar Del Plata,AR,2020-08-25 21:06:13,-38.0,-57.56,57.99,93,90,3.36
9,Hasaki,JP,2020-08-25 21:01:44,35.73,140.83,75.2,94,20,4.7
10,Jamestown,US,2020-08-25 21:02:29,42.1,-79.24,77.0,60,40,17.22
11,Rikitea,PF,2020-08-25 21:06:14,-23.12,-134.97,69.71,76,0,10.69
12,Punta Arenas,CL,2020-08-25 21:04:58,-53.15,-70.92,42.8,52,94,11.41
13,Haines Junction,CA,2020-08-25 21:06:14,60.75,-137.51,57.56,54,95,6.29
14,Bluff,NZ,2020-08-25 21:06:15,-46.6,168.33,44.26,76,86,17.45
15,Thompson,CA,2020-08-25 21:06:15,55.74,-97.86,53.6,76,90,6.93
16,Saint-Philippe,RE,2020-08-25 21:06:15,-21.36,55.77,68.0,72,75,5.82
17,Kaeo,NZ,2020-08-25 21:06:15,-35.1,173.78,52.0,3,6,7.0
18,New Norfolk,AU,2020-08-25 21:06:16,-42.78,147.06,46.99,82,100,3.0
19,Arroio Grande,BR,2020-08-25 21:02:46,-32.24,-53.09,65.84,67,100,13.42
20,Mataura,NZ,2020-08-25 21:06:16,-46.19,168.86,36.84,89,69,4.88
21,Paamiut,GL,2020-08-25 21:06:16,61.99,-49.67,43.54,81,0,14.5
22,Tapes,BR,2020-08-25 21:06:17,-30.67,-51.4,62.65,80,33,12.06
23,Sao Filipe,CV,2020-08-25 21:06:17,14.9,-24.5,79.79,84,22,5.82
24,Agadez,NE,2020-08-25 21:06:17,19.75,10.25,95.83,29,98,19.53
25,East London,ZA,2020-08-25 21:03:30,-33.02,27.91,63.91,63,21,19.55
26,Kannangad,IN,2020-08-25 21:06:05,12.31,75.11,77.4,86,100,6.85
27,Bredasdorp,ZA,2020-08-25 21:05:15,-34.53,20.04,55.4,93,95,3.36
28,Avarua,CK,2020-08-25 21:06:18,-21.21,-159.78,75.2,73,53,11.41
29,Port Elizabeth,ZA,2020-08-25 21:06:19,-33.92,25.57,62.01,71,0,8.01
30,San Patricio,MX,2020-08-25 21:06:19,19.22,-104.7,84.2,79,75,18.34
31,Atuona,PF,2020-08-25 21:06:20,-9.8,-139.03,78.48,74,27,13.09
32,Bilma,NE,2020-08-25 21:06:20,18.69,12.92,91.22,37,73,10.11
33,Albany,US,2020-08-25 21:06:20,42.6,-73.97,81.0,73,75,14.99
34,Narsaq,GL,2020-08-25 21:06:20,60.92,-46.05,53.6,58,20,8.05
35,Alice Springs,AU,2020-08-25 21:05:10,-23.7,133.88,51.8,34,0,6.93
36,Novhorodka,UA,2020-08-25 21:06:21,48.37,32.66,68.52,36,9,8.86
37,Cap-Aux-Meules,CA,2020-08-25 21:06:21,47.38,-61.86,66.2,100,90,14.99
38,Calamar,CO,2020-08-25 21:06:21,10.25,-74.91,84.2,83,75,10.29
39,Hithadhoo,MV,2020-08-25 21:06:22,-0.6,73.08,81.57,76,100,8.5
40,Carlsbad,US,2020-08-25 21:01:58,33.16,-117.35,88.0,69,1,10.29
41,Petropavlovsk-Kamchatskiy,RU,2020-08-25 21:06:22,53.05,158.65,46.4,100,90,2.24
42,Uyovu,TZ,2020-08-25 21:06:23,-3.28,31.53,65.44,69,3,4.36
43,Jodhpur,IN,2020-08-25 21:06:23,26.29,73.03,79.41,83,70,16.78
44,Yulara,AU,2020-08-25 21:06:23,-25.24,130.99,59.0,28,0,6.93
45,Souillac,MU,2020-08-25 21:06:23,-20.52,57.52,69.8,83,20,10.29
46,Altamira,BR,2020-08-25 21:06:23,-3.2,-52.21,89.6,59,40,3.36
47,Kaitangata,NZ,2020-08-25 21:06:24,-46.28,169.85,44.01,69,51,5.01
48,Ornskoldsvik,SE,2020-08-25 21:06:24,63.29,18.72,50.0,66,55,3.36
49,Puerto Ayora,EC,2020-08-25 21:06:25,-0.74,-90.35,77.0,57,75,23.04
50,Tsumeb,NA,2020-08-25 21:06:25,-19.23,17.72,61.99,36,70,1.99
51,Provideniya,RU,2020-08-25 21:06:25,64.38,-173.3,51.8,87,90,6.71
52,Liverpool,GB,2020-08-25 21:05:21,53.41,-2.98,61.0,93,90,24.16
53,Lavrentiya,RU,2020-08-25 21:06:26,65.58,-171.0,47.59,88,91,4.88
54,Arraial Do Cabo,BR,2020-08-25 21:03:38,-22.97,-42.03,69.8,64,75,16.11
55,Horta,PT,2020-08-25 21:06:26,38.53,-28.63,75.2,94,75,8.05
56,Isangel,VU,2020-08-25 21:06:26,-19.55,169.27,73.4,94,90,5.82
57,Dikson,RU,2020-08-25 21:06:27,73.51,80.55,48.43,87,0,7.43
58,Porto Santo,PT,2020-08-25 21:06:27,33.07,-16.34,73.4,78,40,11.41
59,Mahebourg,MU,2020-08-25 21:06:27,-20.41,57.7,69.8,83,20,10.29
60,Hualmay,PE,2020-08-25 21:06:28,-11.1,-77.61,66.0,69,4,12.03
61,Inirida,CO,2020-08-25 21:06:28,3.87,-67.92,82.47,88,96,1.32
62,Taoudenni,ML,2020-08-25 21:06:28,22.68,-3.98,100.63,24,63,3.74
63,Kodiak,US,2020-08-25 21:05:59,57.79,-152.41,62.6,51,90,17.22
64,Ribeira Grande,PT,2020-08-25 21:06:29,38.52,-28.7,75.2,94,75,8.05
65,Yellowknife,CA,2020-08-25 21:02:54,62.46,-114.35,55.4,100,90,8.05
66,Duldurga,RU,2020-08-25 21:06:29,50.68,113.59,50.97,89,93,0.87
67,Belaya Gora,RU,2020-08-25 21:06:29,68.53,146.42,40.93,67,6,1.95
68,Longyearbyen,SJ,2020-08-25 21:06:30,78.22,15.64,41.0,79,13,4.7
69,Airai,TL,2020-08-25 21:06:30,-8.93,125.41,54.48,54,0,4.94
70,Porto Belo,BR,2020-08-25 21:06:30,-27.16,-48.55,66.2,77,40,12.75
71,Ahuimanu,US,2020-08-25 21:06:31,21.44,-157.84,86.0,65,75,10.29
72,Hilo,US,2020-08-25 21:04:09,19.73,-155.09,84.2,62,1,6.93
73,Bambous Virieux,MU,2020-08-25 21:06:31,-20.34,57.76,71.01,83,20,10.29
74,Fortuna,US,2020-08-25 21:06:32,40.6,-124.16,68.0,77,1,16.11
75,Kerman,IR,2020-08-25 21:06:32,30.28,57.08,75.2,31,38,11.41
76,Hobart,AU,2020-08-25 21:06:32,-42.88,147.33,48.2,57,75,10.29
77,Tuatapere,NZ,2020-08-25 21:06:33,-46.13,167.68,38.46,84,43,6.82
78,Ushuaia,AR,2020-08-25 21:06:33,-54.8,-68.3,42.8,56,40,5.35
79,Upernavik,GL,2020-08-25 21:06:33,72.79,-56.15,42.1,89,100,3.83
80,Cabo San Lucas,MX,2020-08-25 21:06:34,22.89,-109.91,93.2,52,5,6.93
81,Tarauaca,BR,2020-08-25 21:06:34,-8.16,-70.77,90.82,35,2,2.86
82,Vaini,TO,2020-08-25 21:06:34,-21.2,-175.2,73.4,94,20,3.36
83,Chokurdakh,RU,2020-08-25 21:06:34,70.63,147.92,37.09,91,100,4.7
84,Northam,GB,2020-08-25 21:06:35,51.03,-4.22,62.01,90,64,23.0
85,Mahon,ES,2020-08-25 21:06:35,39.89,4.27,77.0,78,64,4.7
86,Dhidhdhoo,MV,2020-08-25 21:06:35,6.88,73.1,82.22,73,78,11.14
87,Lyuban,BY,2020-08-25 21:06:36,52.8,28.0,55.56,96,98,6.17
88,Coihaique,CL,2020-08-25 21:06:36,-45.58,-72.07,39.2,69,90,1.77
89,Kirkwall,GB,2020-08-25 21:06:36,58.98,-2.96,53.6,81,99,20.8
90,Butaritari,KI,2020-08-25 21:06:37,3.07,172.79,81.39,68,60,3.87
91,Busselton,AU,2020-08-25 21:06:37,-33.65,115.33,46.99,76,52,2.21
92,Zyryanka,RU,2020-08-25 21:06:37,65.75,150.85,41.95,66,92,8.84
93,Cullinan,ZA,2020-08-25 21:06:38,-25.67,28.52,62.6,46,0,2.24
94,Ponta Do Sol,PT,2020-08-25 21:06:38,32.67,-17.1,73.4,69,20,20.8
95,Potsdam,DE,2020-08-25 21:06:38,52.4,13.07,66.99,57,100,7.38
96,Nowy Dwor Gdanski,PL,2020-08-25 21:06:38,54.21,19.12,55.4,93,67,2.24
97,Leningradskiy,RU,2020-08-25 21:06:39,69.38,178.42,40.14,91,100,13.33
98,Tateyama,JP,2020-08-25 21:06:39,34.98,139.87,77.0,92,0,1.01
99,Poum,NC,2020-08-25 21:06:39,-20.23,164.02,70.56,78,54,12.37
100,Cape Town,ZA,2020-08-25 21:03:38,-33.93,18.42,57.0,93,75,9.17
101,Tuktoyaktuk,CA,2020-08-25 21:03:05,69.45,-133.04,46.4,93,90,8.05
102,Alakurtti,RU,2020-08-25 21:06:40,66.97,30.35,44.92,75,17,2.55
103,Elias Fausto,BR,2020-08-25 21:06:40,-23.04,-47.37,71.6,37,0,13.87
104,Bethel,US,2020-08-25 21:06:40,41.37,-73.41,89.01,65,75,14.99
105,Mocuba,MZ,2020-08-25 21:03:37,-16.84,36.99,71.78,80,49,2.42
106,San Quintin,MX,2020-08-25 21:06:41,30.48,-115.95,78.17,69,14,15.75
107,Bergerac,FR,2020-08-25 21:06:41,44.83,0.5,72.0,83,1,5.82
108,Rio Branco,BR,2020-08-25 21:06:42,-9.97,-67.81,89.6,40,40,6.93
109,Uppsala,SE,2020-08-25 21:06:42,60.0,17.75,50.0,57,0,3.36
110,Torbay,CA,2020-08-25 21:06:42,47.67,-52.73,61.0,77,75,12.75
111,Kushmurun,KZ,2020-08-25 21:06:43,52.45,64.63,63.21,64,44,8.95
112,Bonfim,BR,2020-08-25 21:06:43,3.08,-59.95,85.84,68,100,4.18
113,Pevek,RU,2020-08-25 21:06:43,69.7,170.31,38.08,98,100,2.59
114,Eyl,SO,2020-08-25 21:02:07,7.98,49.82,77.34,79,35,25.57
115,Tiksi,RU,2020-08-25 21:06:44,71.69,128.87,37.71,87,2,9.08
116,San Cristobal,VE,2020-08-25 21:03:26,7.77,-72.22,95.0,34,40,13.87
117,Severo-Kurilsk,RU,2020-08-25 21:06:44,50.68,156.12,53.42,92,90,14.41
118,Lebu,CL,2020-08-25 21:06:45,-37.62,-73.65,53.19,76,0,18.81
119,Salalah,OM,2020-08-25 21:06:45,17.02,54.09,77.0,94,90,3.36
120,Victoria,HK,2020-08-25 21:02:28,22.29,114.16,87.01,84,92,11.01
121,Panjakent,TJ,2020-08-25 21:06:45,39.5,67.61,69.8,60,75,6.93
122,Coquimbo,CL,2020-08-25 21:05:22,-29.95,-71.34,53.6,81,93,6.93
123,Ahipara,NZ,2020-08-25 21:06:46,-35.17,173.17,52.81,77,40,12.95
124,Ambilobe,MG,2020-08-25 21:06:46,-13.2,49.05,68.09,80,12,4.23
125,Rongcheng,CN,2020-08-25 21:06:46,30.63,117.85,75.76,90,75,2.19
126,Santa Ana,US,2020-08-25 21:06:47,33.75,-117.87,96.01,54,1,5.82
127,Saint George,US,2020-08-25 21:01:59,37.1,-113.58,102.99,18,1,13.98
128,Yumen,CN,2020-08-25 21:06:47,40.28,97.2,65.75,27,0,1.21
129,Inhambane,MZ,2020-08-25 21:06:47,-23.86,35.38,71.55,82,0,14.47
130,Esperance,AU,2020-08-25 21:06:48,-33.87,121.9,51.8,100,0,4.7
131,Mount Isa,AU,2020-08-25 21:06:48,-20.73,139.5,51.8,32,0,17.09
132,Maiduguri,NG,2020-08-25 21:06:48,11.85,13.16,74.3,91,100,6.17
133,Nikolskoye,RU,2020-08-25 21:06:48,59.7,30.79,60.01,87,75,4.47
134,Maragogi,BR,2020-08-25 21:06:49,-9.01,-35.22,74.16,78,54,8.52
135,Belluno,IT,2020-08-25 21:06:49,46.15,12.22,71.01,81,1,4.7
136,Srednekolymsk,RU,2020-08-25 21:06:49,67.45,153.68,41.47,74,95,2.48
137,Jaisinghnagar,IN,2020-08-25 21:06:49,23.7,81.38,75.4,93,100,6.51
138,Mbumi,TZ,2020-08-25 21:06:49,-7.91,39.21,71.15,93,0,3.11
139,Ampanihy,MG,2020-08-25 21:06:50,-24.7,44.75,66.13,89,0,3.96
140,Opuwo,NA,2020-08-25 21:06:50,-18.06,13.84,59.2,55,1,5.66
141,Talnakh,RU,2020-08-25 21:06:50,69.49,88.4,51.8,93,91,6.71
142,Nouadhibou,MR,2020-08-25 21:06:50,20.93,-17.03,70.92,93,70,12.82
143,Georgetown,MY,2020-08-25 21:06:51,5.41,100.34,78.8,94,20,3.36
144,Salvador,SV,2020-08-25 21:01:53,13.83,-88.92,87.8,74,75,11.41
145,Mahanje,TZ,2020-08-25 21:06:51,-9.93,35.33,62.49,79,2,3.31
146,Yaroslavl,RU,2020-08-25 21:06:51,57.63,39.87,55.4,100,53,5.53
147,Comodoro Rivadavia,AR,2020-08-25 21:06:52,-45.87,-67.5,44.6,75,40,10.29
148,Horsham,GB,2020-08-25 21:06:52,51.06,-0.33,64.4,72,75,21.92
149,Narasannapeta,IN,2020-08-25 21:06:52,18.42,84.05,78.35,88,100,6.46
150,Hays,US,2020-08-25 21:06:52,30.05,-98.03,96.01,40,67,1.01
151,Port Keats,AU,2020-08-25 21:06:53,-14.25,129.55,68.29,35,0,9.44
152,Berlevag,NO,2020-08-25 21:06:53,70.86,29.09,50.0,87,40,6.93
153,Kusti,SD,2020-08-25 21:06:53,13.16,32.66,79.54,64,77,8.19
154,Yuzhnyy,RU,2020-08-25 21:06:53,53.25,83.69,53.6,81,100,11.18
155,Saint-Augustin,CA,2020-08-25 21:06:54,51.23,-58.65,60.06,74,100,11.41
156,Panalingaan,PH,2020-08-25 21:06:54,8.78,117.42,77.99,82,4,4.7
157,Dolny Kubin,SK,2020-08-25 21:06:54,49.21,19.3,55.99,82,7,3.36
158,Basqal,AZ,2020-08-25 21:06:54,40.76,48.39,62.6,82,75,5.82
159,Yomou,GN,2020-08-25 21:06:55,7.56,-9.27,70.05,96,100,2.91
160,Suihua,CN,2020-08-25 21:06:55,46.64,127.0,64.06,98,79,4.7
161,Komsomolskiy,UZ,2020-08-25 21:06:55,40.43,71.72,69.8,60,27,2.24
162,Rio Grande,BR,2020-08-25 21:06:55,-32.03,-52.1,66.2,72,90,13.87
163,Araouane,ML,2020-08-25 21:06:56,18.9,-3.53,96.87,32,44,9.84
164,Evensk,RU,2020-08-25 21:06:56,61.95,159.23,46.87,55,0,4.5
165,Goderich,CA,2020-08-25 21:06:56,43.75,-81.72,77.0,88,0,4.0
166,Ilulissat,GL,2020-08-25 21:06:57,69.22,-51.1,42.8,75,40,3.36
167,Baghdad,IQ,2020-08-25 21:02:19,33.34,44.4,86.0,17,0,6.93
168,Nome,US,2020-08-25 21:06:57,64.5,-165.41,54.0,81,90,5.1
169,Nuristan,AF,2020-08-25 21:06:57,35.3,70.83,49.12,89,92,1.25
170,Vanavara,RU,2020-08-25 21:06:58,60.34,102.28,48.34,78,5,6.42
171,Vicuna,CL,2020-08-25 21:06:58,-30.03,-70.71,53.6,81,98,6.93
172,Ovruch,UA,2020-08-25 21:06:58,51.32,28.8,58.01,96,100,6.11
173,Port Alfred,ZA,2020-08-25 21:06:59,-33.59,26.89,61.25,72,0,16.98
174,Zhumadian,CN,2020-08-25 21:03:54,32.98,114.03,71.38,86,8,5.46
175,Tallahassee,US,2020-08-25 21:02:02,30.44,-84.28,95.0,49,40,10.29
176,Heilbron,ZA,2020-08-25 21:06:59,-27.28,27.97,57.02,34,0,6.58
177,Salta,AR,2020-08-25 21:06:59,-24.79,-65.41,87.8,12,40,14.99
178,Grand Gaube,MU,2020-08-25 21:07:00,-20.01,57.66,71.01,76,19,5.01
179,Taksimo,RU,2020-08-25 21:07:00,56.34,114.88,47.88,76,12,0.29
180,Cidreira,BR,2020-08-25 21:02:10,-30.18,-50.21,62.89,82,0,23.98
181,Matara,LK,2020-08-25 21:07:00,5.95,80.54,78.37,87,100,5.3
182,Barrow,US,2020-08-25 21:07:00,71.29,-156.79,39.2,93,90,4.7
183,Morant Bay,JM,2020-08-25 21:07:01,17.88,-76.41,87.8,62,75,24.16
184,Kizema,RU,2020-08-25 21:07:01,61.11,44.83,52.36,90,48,3.62
185,Dedougou,BF,2020-08-25 21:07:01,12.47,-3.47,73.53,91,96,10.2
186,Zhigansk,RU,2020-08-25 21:07:01,66.77,123.37,41.76,65,0,6.51
187,Ojdula,RO,2020-08-25 21:07:02,45.98,26.25,64.0,88,100,1.99
188,Aksarka,RU,2020-08-25 21:07:02,66.56,67.8,51.08,77,100,6.13
189,Luderitz,NA,2020-08-25 21:07:02,-26.65,15.16,56.19,79,0,8.1
190,Vao,NC,2020-08-25 21:07:02,-22.67,167.48,67.64,66,78,13.18
191,Hambantota,LK,2020-08-25 21:07:03,6.12,81.12,77.0,100,5,3.36
192,Beatrice,US,2020-08-25 21:06:36,40.27,-96.75,93.2,41,1,12.75
193,Sohag,EG,2020-08-25 21:07:03,26.56,31.69,87.8,25,0,5.82
194,Asau,RO,2020-08-25 21:07:03,46.43,26.4,61.0,99,99,2.01
195,Aswan,EG,2020-08-25 21:03:12,24.09,32.91,88.59,18,0,7.11
196,Carutapera,BR,2020-08-25 21:07:04,-1.2,-46.02,78.75,79,7,7.11
197,Kiunga,PG,2020-08-25 21:07:04,-6.12,141.29,71.67,98,98,2.01
198,Lakes Entrance,AU,2020-08-25 21:07:04,-37.88,147.98,43.0,91,4,8.72
199,Mogadishu,SO,2020-08-25 21:06:25,2.04,45.34,76.95,84,11,15.35
200,Moba,CN,2020-08-25 21:07:05,33.23,105.02,55.33,91,0,2.64
201,Ypsonas,CY,2020-08-25 21:07:05,34.69,32.96,80.6,83,0,14.99
202,Palatka,US,2020-08-25 21:07:05,29.65,-81.64,91.99,70,8,8.95
203,Copiapo,CL,2020-08-25 21:07:05,-27.37,-70.33,62.6,51,0,9.17
204,Sulangan,PH,2020-08-25 21:07:06,11.14,123.72,83.8,78,70,8.97
205,Murray Bridge,AU,2020-08-25 21:07:06,-35.12,139.27,48.99,79,4,8.66
206,Yuncheng,CN,2020-08-25 21:07:06,35.02,110.99,73.15,66,45,2.51
207,Kralendijk,BQ,2020-08-25 21:03:29,12.15,-68.27,87.8,66,40,18.34
208,Prince Albert,CA,2020-08-25 21:07:06,53.2,-105.77,59.0,87,90,6.93
209,Elizabeth City,US,2020-08-25 21:07:07,36.29,-76.25,93.2,52,20,12.75
210,Tautira,PF,2020-08-25 21:07:07,-17.73,-149.15,80.6,65,75,2.24
211,Tura,IN,2020-08-25 21:07:07,25.52,90.22,74.82,91,68,5.46
212,Norman Wells,CA,2020-08-25 21:07:07,65.28,-126.83,66.2,59,75,2.24
213,Kapaa,US,2020-08-25 21:07:07,22.08,-159.32,84.2,70,75,12.75
214,Muros,ES,2020-08-25 21:07:08,42.78,-9.06,69.01,93,47,3.13
215,Quelimane,MZ,2020-08-25 21:04:31,-17.88,36.89,75.2,83,40,5.82
216,Winslow,US,2020-08-25 21:07:08,35.02,-110.7,89.01,28,0,3.11
217,Miraflores,MX,2020-08-25 21:07:08,19.22,-98.81,71.6,60,90,8.05
218,Cedar Rapids,US,2020-08-25 21:07:08,42.01,-91.64,93.99,43,1,9.17
219,Vila Franca Do Campo,PT,2020-08-25 21:07:09,37.72,-25.43,75.2,88,40,9.17
220,Petit Goave,HT,2020-08-25 21:07:09,18.43,-72.87,83.98,69,28,3.8
221,Najran,SA,2020-08-25 21:07:09,17.49,44.13,89.6,19,20,0.89
222,Chimbote,PE,2020-08-25 21:07:09,-9.09,-78.58,64.63,73,16,11.68
223,Yacuiba,BO,2020-08-25 21:07:09,-22.04,-63.68,92.34,28,0,5.93
224,Lagoa,PT,2020-08-25 21:07:10,39.05,-27.98,73.94,89,90,17.81
225,Sinnamary,GF,2020-08-25 21:07:10,5.38,-52.95,81.57,77,0,7.16
226,Coahuayana,MX,2020-08-25 21:07:10,18.73,-103.68,82.4,83,40,8.08
227,Haukipudas,FI,2020-08-25 21:07:10,65.18,25.35,48.2,93,67,8.05
228,Kudahuvadhoo,MV,2020-08-25 21:07:10,2.67,72.89,83.23,74,100,12.66
229,Ridgecrest,US,2020-08-25 21:05:53,35.62,-117.67,102.0,11,0,21.9
230,Tabou,CI,2020-08-25 21:07:11,4.42,-7.35,75.24,83,92,7.2
231,Codrington,AU,2020-08-25 21:07:11,-38.27,141.97,37.71,91,9,8.66
232,Timra,SE,2020-08-25 21:07:11,62.49,17.33,53.01,93,57,7.36
233,Yucca Valley,US,2020-08-25 21:07:11,34.11,-116.43,102.0,20,0,5.01
234,Daru,PG,2020-08-25 21:07:12,-9.08,143.21,76.73,88,99,18.19
235,Eugene,US,2020-08-25 21:05:04,44.05,-123.09,81.0,41,20,12.75
236,Waingapu,ID,2020-08-25 21:07:12,-9.66,120.26,72.64,81,3,11.36
237,Akyab,MM,2020-08-25 21:07:12,20.15,92.9,80.31,87,100,13.4
238,Pangnirtung,CA,2020-08-25 21:07:12,66.15,-65.71,44.6,93,75,9.17
239,Kieta,PG,2020-08-25 21:07:13,-6.22,155.63,80.28,73,6,4.07
240,Malazgirt,TR,2020-08-25 21:07:13,39.14,42.54,62.47,40,0,4.38
241,Zhezkazgan,KZ,2020-08-25 21:07:13,47.8,67.71,61.61,42,0,6.44
242,Dossor,KZ,2020-08-25 21:07:13,47.53,52.98,72.91,28,0,1.05
243,Novosergiyevka,RU,2020-08-25 21:07:14,52.09,53.65,65.12,50,15,3.29
244,Port Moresby,PG,2020-08-25 21:07:14,-9.44,147.18,75.2,94,90,3.36
245,Fort Frances,CA,2020-08-25 21:07:14,48.6,-93.4,78.8,50,1,11.41
246,Sunndalsora,NO,2020-08-25 21:07:15,62.68,8.55,50.0,76,69,14.99
247,Verkhniy Avzyan,RU,2020-08-25 21:07:15,53.53,57.54,59.47,78,90,3.58
248,Mugan,CN,2020-08-25 21:07:15,35.94,101.38,51.75,45,0,2.89
249,Saskylakh,RU,2020-08-25 21:07:15,71.92,114.08,49.53,65,48,8.25
250,Sorland,NO,2020-08-25 21:07:16,67.67,12.69,48.2,81,40,9.17
251,Cap Malheureux,MU,2020-08-25 21:07:16,-19.98,57.61,71.01,76,18,5.01
252,Klaksvik,FO,2020-08-25 21:07:16,62.23,-6.59,46.4,81,91,1.12
253,Jalu,LY,2020-08-25 21:07:16,29.03,21.55,80.78,47,0,12.48
254,Teguise,ES,2020-08-25 21:07:17,29.06,-13.56,80.6,65,2,17.22
255,Shelburne,CA,2020-08-25 21:07:17,44.08,-80.2,75.2,53,1,11.41
256,Saint-Pierre,RE,2020-08-25 21:07:17,-21.34,55.48,68.0,72,75,5.82
257,Sungaipenuh,ID,2020-08-25 21:07:17,-2.08,101.38,66.72,76,98,3.09
258,Victoria Point,AU,2020-08-25 21:07:17,-27.58,153.3,53.01,74,36,7.67
259,Adiake,CI,2020-08-25 21:07:18,5.29,-3.3,77.0,88,20,2.24
260,Maceio,BR,2020-08-25 21:03:35,-9.67,-35.74,71.6,94,90,2.24
261,Vrede,ZA,2020-08-25 21:07:18,-27.43,29.17,50.59,43,0,3.91
262,Hue,VN,2020-08-25 21:07:18,16.47,107.6,82.4,74,20,2.24
263,Sitka,US,2020-08-25 21:07:18,57.05,-135.33,55.4,100,90,5.41
264,San Francisco,US,2020-08-25 21:03:51,37.77,-122.42,73.0,60,40,13.87
265,Svetlaya,RU,2020-08-25 21:07:19,46.54,138.33,65.97,86,0,6.06
266,Ketchikan,US,2020-08-25 21:06:41,55.34,-131.65,55.4,100,90,12.75
267,Axim,GH,2020-08-25 21:07:19,4.87,-2.24,74.3,88,21,7.52
268,Barcelos,PT,2020-08-25 21:07:20,41.54,-8.62,71.01,93,20,6.93
269,Los Llanos De Aridane,ES,2020-08-25 21:07:20,28.66,-17.92,78.01,78,20,17.22
270,Uniara,IN,2020-08-25 21:07:20,26.15,75.22,76.93,86,0,11.99
271,Nyurba,RU,2020-08-25 21:07:20,63.28,118.33,38.71,78,0,3.18
272,Santa Rosa,PH,2020-08-25 21:02:49,14.31,121.11,82.99,83,100,4.7
273,Huaihua,CN,2020-08-25 21:07:21,27.55,109.96,68.76,93,9,1.61
274,Auki,SB,2020-08-25 21:07:21,-8.77,160.7,77.99,82,86,6.02
275,Yar-Sale,RU,2020-08-25 21:07:21,66.83,70.83,50.92,81,0,7.05
276,Sao Gotardo,BR,2020-08-25 21:07:21,-19.31,-46.05,68.0,39,92,1.01
277,Sobolevo,RU,2020-08-25 21:07:22,54.43,31.9,59.41,94,100,11.68
278,Neiafu,TO,2020-08-25 21:07:22,-18.65,-173.98,77.0,83,75,11.54
279,Mezhdurechensk,RU,2020-08-25 21:07:22,53.69,88.06,54.39,93,100,9.46
280,Kozan,TR,2020-08-25 21:07:22,37.46,35.82,79.0,88,40,6.93
281,Maumere,ID,2020-08-25 21:07:23,-8.62,122.21,75.0,77,0,3.96
282,Atambua,ID,2020-08-25 21:07:23,-9.11,124.89,64.38,68,0,5.28
283,Oktyabrskoye,RU,2020-08-25 21:07:23,43.06,44.74,53.6,87,0,4.47
284,Kavieng,PG,2020-08-25 21:07:23,-2.57,150.8,81.73,78,1,11.3
285,Benjamin Constant,BR,2020-08-25 21:07:23,-4.38,-70.03,89.6,51,40,2.24
286,Porto Novo,BJ,2020-08-25 21:03:31,6.5,2.6,77.0,88,20,6.93
287,Vardo,NO,2020-08-25 21:07:24,70.37,31.11,48.2,81,4,13.87
288,Guider,CM,2020-08-25 21:07:24,9.93,13.95,74.14,86,100,1.61
289,Ostrovnoy,RU,2020-08-25 21:07:24,68.05,39.51,51.39,71,11,10.63
290,Chapais,CA,2020-08-25 21:07:25,49.78,-74.85,57.2,71,75,12.75
291,Jonkoping,SE,2020-08-25 21:07:25,57.78,14.16,48.2,87,71,3.36
292,Riyadh,SA,2020-08-25 21:02:47,24.69,46.72,93.2,23,24,4.7
293,Hamilton,US,2020-08-25 21:07:03,39.18,-84.53,93.0,55,75,8.05
294,San Pedro,PH,2020-08-25 21:07:25,14.35,121.02,82.99,83,100,4.7
295,Ekhabi,RU,2020-08-25 21:07:26,53.51,142.97,56.43,97,100,10.76
296,Atasu,KZ,2020-08-25 21:07:26,48.68,71.64,55.89,55,0,2.28
297,Pontes E Lacerda,BR,2020-08-25 21:07:26,-15.23,-59.34,98.55,20,14,7.18
298,Samarai,PG,2020-08-25 21:07:26,-10.62,150.67,78.35,87,100,18.61
299,Kaniama,CD,2020-08-25 21:07:26,-7.57,24.18,75.04,47,7,1.57
300,Port Hardy,CA,2020-08-25 21:07:27,50.7,-127.42,62.6,67,75,10.29
301,Lahij,YE,2020-08-25 21:07:27,13.17,44.58,88.07,47,96,4.65
302,San Rafael Del Sur,NI,2020-08-25 21:07:27,11.85,-86.44,87.8,66,40,6.93
303,Kenai,US,2020-08-25 21:07:28,60.55,-151.26,57.99,82,90,8.05
304,Khani,GE,2020-08-25 21:07:28,41.96,42.96,77.0,41,0,19.46
305,Ponta Delgada,PT,2020-08-25 21:07:28,37.73,-25.67,75.2,88,40,9.17
306,San Carlos De Bariloche,AR,2020-08-25 21:06:22,-41.15,-71.31,51.8,53,40,11.41
307,Whitehorse,CA,2020-08-25 21:07:28,60.72,-135.05,55.4,66,90,10.29
308,Hofn,IS,2020-08-25 21:07:29,64.25,-15.21,50.4,84,3,3.27
309,Mattru,SL,2020-08-25 21:07:29,7.62,-11.83,73.13,95,100,3.22
310,Tanem,NO,2020-08-25 21:07:29,63.31,10.43,52.0,81,75,17.22
311,Boyuibe,BO,2020-08-25 21:07:29,-20.42,-63.28,85.08,35,0,16.13
312,Obuasi,GH,2020-08-25 21:05:23,6.21,-1.66,70.59,96,60,2.95
313,Odemira,PT,2020-08-25 21:07:30,37.6,-8.64,64.99,83,0,4.52
314,Goldap,PL,2020-08-25 21:07:30,54.31,22.3,52.12,92,0,2.8
315,Sangar,RU,2020-08-25 21:07:30,63.92,127.47,41.02,68,0,1.12
316,Mangotsfield,GB,2020-08-25 21:07:31,51.49,-2.5,62.01,82,90,31.09
317,Domanivka,UA,2020-08-25 21:07:31,47.63,30.99,67.17,51,60,8.41
318,Osmanabad,IN,2020-08-25 21:07:31,18.17,76.05,73.04,86,88,10.09
319,Katsuura,JP,2020-08-25 21:07:32,35.13,140.3,78.01,88,20,5.82
320,Kandi,BJ,2020-08-25 21:07:32,11.13,2.94,70.34,91,97,4.16
321,Pravdinskiy,RU,2020-08-25 21:07:32,56.07,37.85,62.6,72,62,2.24
322,Bereznik,RU,2020-08-25 21:07:32,62.86,42.71,48.58,84,0,2.53
323,Labuhan,ID,2020-08-25 21:07:32,-6.88,112.21,76.98,77,53,9.01
324,Sola,VU,2020-08-25 21:07:33,-13.88,167.55,80.92,82,39,19.62
325,Acari,PE,2020-08-25 21:07:33,-15.43,-74.62,67.1,63,62,8.95
326,Kruisfontein,ZA,2020-08-25 21:07:33,-34.0,24.73,62.01,71,0,8.01
327,Krasnyy Chikoy,RU,2020-08-25 21:07:33,50.36,108.75,47.41,88,72,2.08
328,Tirumullaivasal,IN,2020-08-25 21:07:33,11.23,79.83,82.22,80,100,7.85
329,Bartica,GY,2020-08-25 21:07:34,6.4,-58.62,87.8,66,20,13.87
330,Winchester,GB,2020-08-25 21:04:13,51.07,-1.32,63.0,77,90,18.34
331,Iracoubo,GF,2020-08-25 21:07:34,5.48,-53.2,81.84,75,0,7.61
332,Richards Bay,ZA,2020-08-25 21:07:34,-28.78,32.04,72.48,63,0,15.48
333,Depalpur,IN,2020-08-25 21:07:35,22.85,75.55,71.91,92,53,13.24
334,Kamaishi,JP,2020-08-25 21:07:35,39.27,141.88,73.96,79,0,2.73
335,Kodinar,IN,2020-08-25 21:07:35,20.79,70.7,80.49,85,91,14.7
336,La Ronge,CA,2020-08-25 21:07:35,55.1,-105.28,51.8,93,90,12.75
337,Lakhimpur,IN,2020-08-25 21:07:36,27.95,80.77,81.41,78,85,5.99
338,Bandarbeyla,SO,2020-08-25 21:07:36,9.49,50.81,76.35,84,35,30.74
339,Tynda,RU,2020-08-25 21:07:36,55.17,124.72,49.59,95,100,2.93
340,Avera,US,2020-08-25 21:07:36,33.19,-82.53,86.0,84,40,4.7
341,Maneromango,TZ,2020-08-25 21:07:37,-7.2,38.78,66.72,100,0,4.85
342,Kaa-Khem,RU,2020-08-25 21:07:37,51.68,94.73,54.37,80,96,2.59
343,Quatre Cocos,MU,2020-08-25 21:07:37,-20.21,57.76,71.01,83,20,10.29
344,Iquique,CL,2020-08-25 21:07:38,-20.22,-70.14,64.4,63,2,20.8
345,Porto Walter,BR,2020-08-25 21:07:38,-8.27,-72.74,90.32,36,3,3.6
346,Golkoy,TR,2020-08-25 21:07:38,40.69,37.62,68.0,100,0,4.65
347,Morden,CA,2020-08-25 21:03:25,49.19,-98.1,84.2,88,1,6.93
348,Nanortalik,GL,2020-08-25 21:07:38,60.14,-45.24,46.67,82,8,5.73
349,Namatanai,PG,2020-08-25 21:07:39,-3.67,152.43,79.11,80,2,6.93
350,Norden,DE,2020-08-25 21:07:39,53.6,7.2,62.01,87,40,11.41
351,Nishihara,JP,2020-08-25 21:07:39,26.18,127.76,82.0,94,75,11.41
352,Braganca,BR,2020-08-25 21:07:39,-1.05,-46.77,78.22,81,0,4.43
353,Cozumel,MX,2020-08-25 21:07:39,20.51,-86.95,84.2,89,90,3.36
354,Kibala,TD,2020-08-25 21:07:40,9.11,18.35,70.93,96,100,1.12
355,Monte Azul,BR,2020-08-25 21:07:40,-15.15,-42.87,72.54,25,0,4.74
356,Itarema,BR,2020-08-25 21:07:40,-2.92,-39.92,77.23,75,0,12.66
357,Mahenge,TZ,2020-08-25 21:07:40,-8.68,36.72,65.12,67,5,3.91
358,Guhagar,IN,2020-08-25 21:07:40,17.48,73.19,77.79,88,26,2.89
359,Kushalgarh,IN,2020-08-25 21:07:41,23.2,74.45,74.3,94,70,10.98
360,Hengyang,CN,2020-08-25 21:07:41,26.89,112.61,72.79,95,100,1.86
361,Pimenta Bueno,BR,2020-08-25 21:03:30,-11.67,-61.19,98.69,19,27,2.24
362,Floro,NO,2020-08-25 21:03:03,61.6,5.03,48.2,76,20,2.24
363,Sinop,TR,2020-08-25 21:07:41,41.77,34.87,67.93,45,0,5.19
364,Vestmannaeyjar,IS,2020-08-25 21:07:42,63.44,-20.27,52.18,79,65,8.72
365,Mecca,SA,2020-08-25 21:07:24,21.43,39.83,93.63,21,90,6.8
366,Bengkulu,ID,2020-08-25 21:07:42,-3.8,102.27,77.09,80,98,7.94
367,Shihezi,CN,2020-08-25 21:07:42,44.3,86.03,72.27,51,67,11.48
368,Monrovia,LR,2020-08-25 21:07:30,6.3,-10.8,77.0,94,75,11.36
369,Pontianak,ID,2020-08-25 21:07:43,-0.03,109.33,75.0,93,83,1.92
370,Cairns,AU,2020-08-25 21:03:15,-16.92,145.77,69.8,64,46,12.75
371,Bakchar,RU,2020-08-25 21:07:43,57.02,82.07,46.65,97,9,4.27
372,Acajutla,SV,2020-08-25 21:07:43,13.59,-89.83,89.6,59,40,3.36
373,Nemuro,JP,2020-08-25 21:07:44,43.32,145.57,65.21,94,84,11.07
374,Calbuco,CL,2020-08-25 21:07:44,-41.77,-73.13,55.4,71,90,8.05
375,Chapleau,CA,2020-08-25 21:07:44,47.84,-83.4,59.0,62,75,9.17
376,Kashin,RU,2020-08-25 21:07:44,57.36,37.61,57.92,90,72,6.8
377,Manzhouli,CN,2020-08-25 21:07:45,49.6,117.43,50.45,85,70,1.86
378,Cockburn Town,TC,2020-08-25 21:03:36,21.46,-71.14,83.66,74,1,16.08
379,Warrington,GB,2020-08-25 21:07:45,53.39,-2.58,61.0,93,90,24.16
380,Portland,US,2020-08-25 21:03:00,45.52,-122.68,79.0,43,1,8.05
381,Reconquista,AR,2020-08-25 21:07:46,-29.15,-59.65,84.78,42,42,9.86
382,Teya,RU,2020-08-25 21:07:46,60.38,92.63,49.95,89,39,1.59
383,Honiara,SB,2020-08-25 21:07:46,-9.43,159.95,75.2,88,40,2.24
384,Abrau-Dyurso,RU,2020-08-25 21:07:46,44.69,37.59,62.6,93,0,5.44
385,Manbij,SY,2020-08-25 21:07:46,36.53,37.95,71.6,43,0,4.7
386,Bull Savanna,JM,2020-08-25 21:07:47,17.89,-77.59,81.16,80,90,9.37
387,Arroyo,ES,2020-08-25 21:07:47,41.61,-4.8,78.01,28,3,8.05
388,Aklavik,CA,2020-08-25 21:07:47,68.22,-135.01,59.0,72,75,5.82
389,Sioux Lookout,CA,2020-08-25 21:06:40,50.1,-91.92,69.8,68,75,6.93
390,Ancud,CL,2020-08-25 21:07:47,-41.87,-73.82,55.4,76,40,8.05
391,Broken Hill,AU,2020-08-25 21:07:48,-31.95,141.43,41.0,65,0,5.82
392,Rawson,AR,2020-08-25 21:03:39,-43.3,-65.1,46.09,73,99,15.43
393,Bambanglipuro,ID,2020-08-25 21:07:48,-7.95,110.28,74.73,83,66,9.98
394,Half Moon Bay,US,2020-08-25 21:07:48,37.46,-122.43,75.99,64,40,9.17
395,Tigil,RU,2020-08-25 21:07:49,57.8,158.67,45.12,61,98,5.14
396,Galle,LK,2020-08-25 21:07:49,6.04,80.22,80.19,83,100,5.86
397,Tiznit,MA,2020-08-25 21:07:49,29.58,-9.5,95.77,17,53,2.37
398,Fairview,US,2020-08-25 21:07:49,40.81,-74.0,91.4,43,75,14.99
399,Rio Gallegos,AR,2020-08-25 21:07:49,-51.62,-69.22,44.6,33,0,17.22
400,Chanute,US,2020-08-25 21:04:04,37.68,-95.46,96.8,32,20,11.41
401,Meadow Lake,US,2020-08-25 21:07:50,34.8,-106.54,95.0,23,20,8.05
402,Tshikapa,CD,2020-08-25 21:07:50,-6.42,20.8,80.74,50,3,0.83
403,Tanout,NE,2020-08-25 21:07:50,14.97,8.89,88.84,42,78,4.12
404,Markova,UA,2020-08-25 21:07:50,48.68,24.41,59.0,93,0,6.71
405,Phan Thiet,VN,2020-08-25 21:07:51,10.93,108.1,78.98,86,7,9.53
406,Naze,JP,2020-08-25 21:07:51,28.37,129.48,84.2,83,75,12.75
407,Lompoc,US,2020-08-25 21:07:51,34.64,-120.46,75.0,73,1,14.99
408,Port Lincoln,AU,2020-08-25 21:07:51,-34.73,135.87,52.18,65,35,9.6
409,Urdoma,RU,2020-08-25 21:07:51,61.75,48.54,51.08,96,0,4.61
410,Karratha,AU,2020-08-25 21:07:52,-20.74,116.85,73.56,34,0,6.29
411,Carnarvon,AU,2020-08-25 21:07:52,-24.87,113.63,60.8,82,0,14.99
412,Am Timan,TD,2020-08-25 21:07:52,11.03,20.28,71.44,96,100,4.85
413,Bazarnyye Mataki,RU,2020-08-25 21:07:52,54.88,49.93,59.7,93,40,3.71
414,Akdepe,TM,2020-08-25 21:07:53,42.06,59.38,68.0,59,11,6.93
415,Raudeberg,NO,2020-08-25 21:07:53,61.99,5.14,50.0,76,20,2.24
416,Touros,BR,2020-08-25 21:07:53,-5.2,-35.46,78.8,74,20,16.11
417,Huruesti,RO,2020-08-25 21:07:53,46.27,27.25,64.4,93,98,4.7
418,Pauini,BR,2020-08-25 21:07:54,-7.71,-66.98,96.75,21,71,1.03
419,Mount Gambier,AU,2020-08-25 21:07:54,-37.83,140.77,39.2,93,75,8.05
420,Qinhuangdao,CN,2020-08-25 21:07:54,39.93,119.59,73.56,78,100,2.71
421,Mitu,CO,2020-08-25 21:03:20,1.2,-70.17,82.45,64,99,2.33
422,Chulumani,BO,2020-08-25 21:07:55,-16.41,-67.53,68.32,67,70,4.07
423,Port Blair,IN,2020-08-25 21:04:34,11.67,92.75,81.14,80,88,8.14
424,Broome,US,2020-08-25 21:07:55,42.25,-75.83,78.01,64,20,16.11
425,Raga,SS,2020-08-25 21:07:56,8.46,25.68,70.68,93,85,2.24
426,Barentu,ER,2020-08-25 21:07:56,15.11,37.59,75.33,84,91,3.18
427,Kloulklubed,PW,2020-08-25 21:07:56,7.04,134.26,77.0,88,75,10.74
428,Lazaro Cardenas,MX,2020-08-25 21:07:56,17.96,-102.2,81.43,82,100,10.74
429,Robertson,US,2020-08-25 21:07:57,36.52,-86.87,89.6,52,20,6.93
430,Svetlyy,RU,2020-08-25 21:07:57,54.67,20.13,59.0,82,20,4.47
431,Padang,ID,2020-08-25 21:07:57,-0.95,100.35,77.59,73,97,4.03
432,Dondo,MZ,2020-08-25 21:07:57,-19.61,34.74,71.6,94,20,9.17
433,Whitianga,NZ,2020-08-25 21:07:57,-36.83,175.7,50.0,93,30,4.0
434,Benton Harbor,US,2020-08-25 21:07:58,42.12,-86.45,78.01,88,75,5.82
435,Jaguaquara,BR,2020-08-25 21:04:14,-13.53,-39.97,62.92,73,6,5.41
436,Parati,BR,2020-08-25 21:07:58,-23.22,-44.71,69.8,37,20,6.93
437,Kurri Kurri,AU,2020-08-25 21:07:58,-32.82,151.48,45.0,91,0,1.99
438,Kutum,SD,2020-08-25 21:07:59,14.2,24.67,77.59,60,24,6.42
439,Ust-Maya,RU,2020-08-25 21:07:59,60.42,134.53,39.56,80,100,4.27
440,Te Horo,NZ,2020-08-25 21:07:59,-40.81,175.12,46.99,75,98,1.01
441,Sao Joao Da Barra,BR,2020-08-25 21:05:53,-21.64,-41.05,71.6,53,0,23.04
442,La Orilla,MX,2020-08-25 21:08:00,17.98,-102.23,81.18,83,100,10.54
443,Yining,CN,2020-08-25 21:08:00,29.04,114.56,72.0,93,25,2.15
444,Kholm-Zhirkovskiy,RU,2020-08-25 21:08:00,55.52,33.47,58.3,96,100,4.52
445,Moron,AR,2020-08-25 21:07:41,-34.65,-58.62,66.0,86,98,4.0
446,Caravelas,BR,2020-08-25 21:08:01,-17.71,-39.25,69.85,67,0,14.23
447,Nabire,ID,2020-08-25 21:08:01,-3.37,135.48,73.99,89,6,4.09
448,Searcy,US,2020-08-25 21:08:01,35.25,-91.74,96.8,44,40,12.75
449,Sur,OM,2020-08-25 21:08:02,22.57,59.53,85.73,65,75,7.11
450,Burgersdorp,ZA,2020-08-25 21:08:02,-31.0,26.33,53.82,30,0,10.11
451,Eenhana,NA,2020-08-25 21:08:02,-17.47,16.33,75.2,27,5,2.24
452,Kirakira,SB,2020-08-25 21:08:03,-10.45,161.92,81.55,79,75,9.04
453,Oktyabrskiy,RU,2020-08-25 21:08:03,54.48,53.47,57.61,93,3,2.26
454,Lorengau,PG,2020-08-25 21:08:03,-2.02,147.27,82.35,77,94,13.38
455,Dandong,CN,2020-08-25 21:08:03,40.13,124.39,74.07,96,100,1.39
456,Leh,IN,2020-08-25 21:08:04,34.17,77.58,63.05,38,20,2.24
457,Paka,MY,2020-08-25 21:08:04,4.64,103.44,75.2,94,87,6.62
458,Lalmohan,BD,2020-08-25 21:08:04,22.34,90.74,82.09,86,100,19.26
459,Pakxan,LA,2020-08-25 21:08:04,18.38,103.66,75.92,95,100,1.19
460,Kempsey,AU,2020-08-25 21:08:04,-31.08,152.83,43.0,92,1,1.99
461,Abyek,IR,2020-08-25 21:08:05,36.07,50.55,57.2,54,0,13.87
462,Kathu,TH,2020-08-25 21:08:05,7.92,98.33,87.01,94,40,1.12
463,Harper,LR,2020-08-25 21:08:05,4.38,-7.72,75.36,83,86,7.27
464,Faya,SA,2020-08-25 21:08:05,18.39,42.45,71.6,77,95,3.36
465,Pontian Kecil,MY,2020-08-25 21:08:06,1.48,103.39,77.0,94,20,2.24
466,Springdale,US,2020-08-25 21:08:06,36.19,-94.13,93.99,38,40,8.61
467,Nowa Ruda,PL,2020-08-25 21:08:06,50.58,16.5,62.01,70,33,1.01
468,Tazovskiy,RU,2020-08-25 21:08:06,67.47,78.7,51.67,95,100,2.91
469,Fort Nelson,CA,2020-08-25 21:08:07,58.81,-122.7,64.4,52,75,10.29
470,Kiruna,SE,2020-08-25 21:08:07,67.86,20.23,42.8,93,79,2.24
471,Rocha,UY,2020-08-25 21:08:07,-34.48,-54.33,62.13,80,100,10.8
472,Okakarara,NA,2020-08-25 21:08:07,-20.58,17.43,62.53,41,26,9.17
473,Shakawe,BW,2020-08-25 21:08:07,-18.37,21.85,64.94,27,0,4.0
474,Ola,RU,2020-08-25 21:08:08,59.58,151.28,50.41,59,100,7.52
475,Bereda,ES,2020-08-25 21:08:08,43.27,-7.54,71.01,92,69,1.01
476,Brenes,ES,2020-08-25 21:08:08,37.55,-5.87,87.8,45,0,8.05
477,Caraquet,CA,2020-08-25 21:08:08,47.79,-64.94,75.2,73,75,8.05
478,Great Yarmouth,GB,2020-08-25 21:08:09,52.61,1.73,64.99,90,68,14.0
479,Faanui,PF,2020-08-25 21:08:09,-16.48,-151.75,76.14,82,34,19.95
480,Odweyne,SO,2020-08-25 21:08:09,9.41,45.06,78.35,47,70,15.93
481,Brenham,US,2020-08-25 21:04:13,30.17,-96.4,98.6,37,40,8.05
482,Havelock,US,2020-08-25 21:08:09,34.88,-76.9,89.6,52,40,14.99
483,Fougamou,GA,2020-08-25 21:08:10,-1.22,10.58,76.71,73,51,3.74
484,Mirnyy,RU,2020-08-25 21:08:10,62.54,113.96,41.0,65,0,2.24
485,Awbari,LY,2020-08-25 21:08:10,26.59,12.78,81.99,18,0,9.1
486,Peniche,PT,2020-08-25 21:07:44,39.36,-9.38,71.01,90,2,8.01
487,Santa Cruz,BO,2020-08-25 21:07:40,-17.8,-63.17,86.0,54,40,23.04
488,Ryotsu,JP,2020-08-25 21:08:11,38.08,138.43,73.4,94,0,1.12
489,Abu Samrah,SY,2020-08-25 21:08:11,35.3,37.18,73.53,54,0,8.1
490,Beloha,MG,2020-08-25 21:08:11,-25.17,45.05,65.88,91,7,4.38
491,Mitsamiouli,KM,2020-08-25 21:08:12,-11.38,43.28,76.95,73,0,4.0
492,Nerchinskiy Zavod,RU,2020-08-25 21:08:12,51.31,119.61,45.84,93,3,2.3
493,Savannakhet,LA,2020-08-25 21:08:12,16.57,104.75,76.62,91,95,6.04
494,Mackenzie,CA,2020-08-25 21:08:12,55.3,-123.17,59.0,62,75,6.93
495,Ixtapa,MX,2020-08-25 21:08:12,20.7,-105.2,89.01,66,20,9.17
496,Osorno,CL,2020-08-25 21:03:21,-40.57,-73.15,51.8,81,99,11.41
497,Itaituba,BR,2020-08-25 21:08:13,-4.28,-55.98,95.0,44,20,5.82
498,Teguldet,RU,2020-08-25 21:08:13,57.31,88.17,52.0,94,100,2.71
499,Tezu,IN,2020-08-25 21:08:13,27.92,96.17,76.06,83,78,3.91
500,Sarakhs,IR,2020-08-25 21:08:13,36.54,61.16,75.2,41,99,4.7
501,Turukhansk,RU,2020-08-25 21:08:14,65.82,87.98,56.88,66,100,9.13
502,Kupang,ID,2020-08-25 21:08:14,-10.17,123.58,71.69,77,5,9.66
503,Salym,RU,2020-08-25 21:08:14,60.06,71.48,48.88,92,95,1.68
504,Kamina,CD,2020-08-25 21:08:14,-8.74,24.99,71.2,48,1,2.77
505,Te Anau,NZ,2020-08-25 21:08:15,-45.42,167.72,33.51,90,47,1.68
506,Winton,US,2020-08-25 21:08:15,37.39,-120.61,93.2,34,1,6.93
507,Siguiri,GN,2020-08-25 21:08:15,11.67,-9.5,73.02,92,100,6.02
508,Diamantino,BR,2020-08-25 21:08:15,-14.41,-56.45,93.9,26,86,5.44
509,Santo Antonio Da Platina,BR,2020-08-25 21:08:15,-23.3,-50.08,64.76,67,0,5.91
510,Kholtoson,RU,2020-08-25 21:08:16,50.3,103.31,46.83,83,97,3.0
511,Roebourne,AU,2020-08-25 21:08:16,-20.78,117.13,74.62,34,0,6.6
512,Port Augusta,AU,2020-08-25 21:08:17,-32.5,137.77,42.01,93,0,9.17
513,Rumphi,MW,2020-08-25 21:08:17,-11.02,33.86,65.55,63,6,5.7
514,Pisco,PE,2020-08-25 21:08:17,-13.7,-76.22,66.2,72,23,11.41
515,Mehamn,NO,2020-08-25 21:08:17,71.04,27.85,50.0,87,40,6.93
516,Conil,FR,2020-08-25 21:08:18,44.97,3.72,55.62,69,0,4.85
517,Jinchang,CN,2020-08-25 21:08:18,38.5,102.17,72.3,25,0,6.2
518,Elko,US,2020-08-25 21:08:18,41.0,-115.5,91.99,23,0,13.0
519,Flinders,AU,2020-08-25 21:08:18,-34.58,150.86,45.0,84,0,1.01
520,Udalguri,IN,2020-08-25 21:08:19,26.77,92.13,79.57,82,31,2.48
521,Geraldton,AU,2020-08-25 21:08:19,-28.77,114.6,44.6,93,0,4.7
522,Labranzagrande,CO,2020-08-25 21:08:19,5.56,-72.58,73.9,70,91,3.04
523,Forestville,US,2020-08-25 21:05:16,38.85,-76.88,93.99,49,20,10.29
524,Anadyr,RU,2020-08-25 21:08:03,64.75,177.48,48.2,100,90,6.71
525,Merauke,ID,2020-08-25 21:08:20,-8.47,140.33,76.86,83,100,15.3
526,Moerai,PF,2020-08-25 21:08:20,-22.43,-151.33,69.35,73,57,11.32
527,Cape Canaveral,US,2020-08-25 21:08:20,28.41,-80.6,90.0,81,48,4.0
528,Noumea,NC,2020-08-25 21:08:20,-22.28,166.46,62.6,82,61,2.24
529,Mumford,GH,2020-08-25 21:08:21,5.26,-0.76,73.4,92,18,7.61
530,San Juan,AR,2020-08-25 21:08:21,-31.54,-68.54,69.3,23,61,11.32
531,Hovd,MN,2020-08-25 21:08:21,48.01,91.64,60.03,45,0,19.17
532,Mayo,US,2020-08-25 21:08:21,38.89,-76.51,91.0,55,1,12.75
533,Batagay-Alyta,RU,2020-08-25 21:08:22,67.8,130.41,36.34,81,0,0.11
534,Vilhena,BR,2020-08-25 21:08:22,-12.74,-60.15,89.6,40,96,4.7
535,Nanakuli,US,2020-08-25 21:08:22,21.39,-158.15,87.8,48,20,8.05
536,Yerbogachen,RU,2020-08-25 21:08:22,61.28,108.01,43.59,76,0,6.98
537,Meulaboh,ID,2020-08-25 21:08:22,4.14,96.13,76.01,85,90,3.15
538,Lunglei,IN,2020-08-25 21:08:23,22.88,92.73,68.31,100,70,2.66
539,Tsuruga,JP,2020-08-25 21:08:23,35.65,136.06,80.01,86,3,5.7
540,Anastacio,BR,2020-08-25 21:08:23,-20.48,-55.81,89.37,34,3,3.4
541,Truth Or Consequences,US,2020-08-25 21:03:40,33.13,-107.25,91.0,22,1,6.93
542,Constitucion,CL,2020-08-25 21:08:24,-35.33,-72.42,52.9,82,43,23.62
543,Porto Velho,BR,2020-08-25 21:05:59,-8.76,-63.9,95.0,32,20,2.24
544,Hervey Bay,AU,2020-08-25 21:08:24,-25.3,152.85,55.0,57,0,6.93
545,Caluquembe,AO,2020-08-25 21:04:06,-13.78,14.68,60.31,63,54,5.06
546,Beringovskiy,RU,2020-08-25 21:08:25,63.05,179.32,50.13,75,91,12.84
547,Tinos,GR,2020-08-25 21:08:25,37.54,25.16,75.2,69,20,3.36
548,Nata,PA,2020-08-25 21:08:25,8.33,-80.52,77.0,94,75,4.7
549,Okha,RU,2020-08-25 21:08:25,53.57,142.95,56.46,97,100,11.14
550,Ales,FR,2020-08-25 21:08:26,44.13,4.08,71.01,6,0,3.0
551,The Pas,CA,2020-08-25 21:03:57,53.83,-101.25,60.8,87,90,9.89
552,Khash,IR,2020-08-25 21:08:26,28.22,61.22,70.12,64,93,2.66
553,Port Hedland,AU,2020-08-25 21:08:26,-20.32,118.57,60.8,100,75,3.36
554,Urucara,BR,2020-08-25 21:08:26,-2.54,-57.76,91.53,45,85,0.2
555,Alyangula,AU,2020-08-25 21:08:27,-13.85,136.42,66.2,88,3,3.36
556,Mezhova,UA,2020-08-25 21:08:27,48.25,36.73,67.15,35,72,4.56
557,Osuna,ES,2020-08-25 21:08:27,37.24,-5.11,87.01,51,0,11.41
558,Kuznetsk,RU,2020-08-25 21:08:27,53.12,46.6,61.99,92,99,1.66
559,Nizhnevartovsk,RU,2020-08-25 21:08:28,60.93,76.55,46.4,100,5,2.24
560,Peleduy,RU,2020-08-25 21:08:28,59.63,112.74,43.16,78,0,5.68
561,Araguaina,BR,2020-08-25 21:08:28,-7.19,-48.21,90.93,29,61,1.52
562,Xining,CN,2020-08-25 21:08:29,36.62,101.77,54.03,49,0,2.51
563,Maxixe,MZ,2020-08-25 21:08:29,-23.86,35.35,70.84,83,0,13.04
564,Oranjemund,NA,2020-08-25 21:08:29,-28.55,16.43,54.77,87,0,3.02
565,Antalaha,MG,2020-08-25 21:08:29,-14.9,50.28,69.39,84,11,7.23
566,Newtownards,GB,2020-08-25 21:08:30,54.59,-5.69,57.2,87,99,12.75
567,Dunedin,NZ,2020-08-25 21:03:37,-45.87,170.5,45.0,63,15,13.0
568,Hanzhong,CN,2020-08-25 21:08:30,33.07,107.03,66.67,74,0,0.76
569,Kamenka,RU,2020-08-25 21:08:31,51.32,42.77,65.28,40,25,7.36
570,Lovozero,RU,2020-08-25 21:08:31,68.0,35.01,45.64,67,0,5.17
571,Karasburg,NA,2020-08-25 21:08:31,-28.02,18.75,51.55,55,0,10.87
572,Belvedere Marittimo,IT,2020-08-25 21:08:31,39.62,15.86,75.0,65,3,2.17
573,Kyzyl-Suu,KG,2020-08-25 21:08:32,42.34,78.0,58.57,61,73,2.46
574,Rosetta,EG,2020-08-25 21:08:32,31.4,30.42,80.6,69,0,4.7
575,Marfino,RU,2020-08-25 21:08:32,55.7,37.38,66.0,93,40,4.47
576,Neuquen,AR,2020-08-25 21:08:32,-38.95,-68.06,53.6,54,25,8.05
577,Bagdarin,RU,2020-08-25 21:08:33,54.43,113.6,41.29,88,0,0.96
578,Arya,PK,2020-08-25 21:06:27,33.6,73.07,82.0,100,40,4.7
579,Bol,TD,2020-08-25 21:08:33,13.46,14.71,77.18,77,100,6.73
580,Wuhu,CN,2020-08-25 21:08:33,31.34,118.38,78.8,83,3,4.47
581,Bujumbura,BI,2020-08-25 21:08:34,-3.38,29.36,76.21,50,22,2.1
582,Doha,QA,2020-08-25 21:08:34,25.29,51.53,93.2,38,19,6.93
